{
  "dashboardMetadata": {
    "name": "🕵️‍♂️{{.name}}",
    "shared": true,
    "owner": "{{.owner}}",
    "tags": [
      "{{ .appKey }}:{{ .appValue }}"
    ],
    "preset": true
  },
  "tiles": [
    {
      "name": "Application health",
      "nameSize": "",
      "tileType": "APPLICATIONS",
      "configured": true,
      "bounds": {
        "top": 0,
        "left": 0,
        "width": 304,
        "height": 304
      },
      "tileFilter": {},
      "filterConfig": {
        "type": "APPLICATION",
        "customName": "Aplicaciones",
        "defaultName": "Applications",
        "chartConfig": {
          "legendShown": true,
          "type": "TIMESERIES",
          "series": [],
          "resultMetadata": {}
        },
        "filtersPerEntityType": {
          "APPLICATION": {
            "AUTO_TAGS": [
              "{{ .appKey }}:{{ .appValue }}"
            ]
          }
        }
      },
      "chartVisible": true
    },
    {
      "name": "Nº Sesiones",
      "nameSize": "",
      "tileType": "DATA_EXPLORER",
      "configured": true,
      "bounds": {
        "top": 0,
        "left": 304,
        "width": 304,
        "height": 304
      },
      "tileFilter": {},
      "customName": "Action count",
      "queries": [
        {
          "id": "A",
          "metric": "builtin:apps.web.activeSessions",
          "spaceAggregation": "SUM",
          "timeAggregation": "DEFAULT",
          "splitBy": [
            "dt.entity.application"
          ],
          "filterBy": {
            "filterOperator": "AND",
            "nestedFilters": [
              {
                "filter": "dt.entity.application",
                "filterType": "TAG",
                "filterOperator": "OR",
                "nestedFilters": [],
                "criteria": [
                  {
                    "value": "{{ .appKey }}:{{ .appValue }}",
                    "evaluator": "IN"
                  }
                ]
              }
            ],
            "criteria": []
          },
          "enabled": true
        }
      ],
      "visualConfig": {
        "type": "TOP_LIST",
        "global": {},
        "rules": [
          {
            "matcher": "A",
            "properties": {
              "seriesType": "LINE"
            },
            "seriesOverrides": []
          },
          {
            "matcher": "A:",
            "properties": {
              "color": "DEFAULT"
            },
            "seriesOverrides": []
          }
        ],
        "axes": {
          "xAxis": {
            "visible": true
          },
          "yAxes": []
        },
        "heatmapSettings": {},
        "thresholds": [
          {
            "axisTarget": "LEFT",
            "rules": [
              {
                "color": "#7dc540"
              },
              {
                "color": "#f5d30f"
              },
              {
                "color": "#dc172a"
              }
            ],
            "visible": true
          }
        ],
        "tableSettings": {},
        "graphChartSettings": {
          "connectNulls": false
        },
        "honeycombSettings": {}
      },
      "queriesSettings": {
        "resolution": ""
      }
    },
    {
      "name": "Nº Acciones de Usuario",
      "nameSize": "",
      "tileType": "DATA_EXPLORER",
      "configured": true,
      "bounds": {
        "top": 0,
        "left": 608,
        "width": 304,
        "height": 304
      },
      "tileFilter": {},
      "customName": "Action count",
      "queries": [
        {
          "id": "A",
          "metric": "builtin:apps.web.actionCount.category",
          "spaceAggregation": "SUM",
          "timeAggregation": "DEFAULT",
          "splitBy": [
            "dt.entity.application"
          ],
          "filterBy": {
            "filterOperator": "AND",
            "nestedFilters": [
              {
                "filter": "dt.entity.application",
                "filterType": "TAG",
                "filterOperator": "OR",
                "nestedFilters": [],
                "criteria": [
                  {
                    "value": "{{ .appKey }}:{{ .appValue }}",
                    "evaluator": "IN"
                  }
                ]
              }
            ],
            "criteria": []
          },
          "enabled": true
        }
      ],
      "visualConfig": {
        "type": "TOP_LIST",
        "global": {},
        "rules": [
          {
            "matcher": "A",
            "properties": {
              "seriesType": "LINE"
            },
            "seriesOverrides": []
          },
          {
            "matcher": "A:",
            "properties": {
              "color": "DEFAULT"
            },
            "seriesOverrides": []
          }
        ],
        "axes": {
          "xAxis": {
            "visible": true
          },
          "yAxes": []
        },
        "heatmapSettings": {},
        "thresholds": [
          {
            "axisTarget": "LEFT",
            "rules": [
              {
                "color": "#7dc540"
              },
              {
                "color": "#f5d30f"
              },
              {
                "color": "#dc172a"
              }
            ],
            "visible": true
          }
        ],
        "tableSettings": {},
        "graphChartSettings": {
          "connectNulls": false
        },
        "honeycombSettings": {}
      },
      "queriesSettings": {
        "resolution": ""
      }
    },
    {
      "name": "Duración Acción",
      "nameSize": "",
      "tileType": "DATA_EXPLORER",
      "configured": true,
      "bounds": {
        "top": 0,
        "left": 1216,
        "width": 304,
        "height": 304
      },
      "tileFilter": {},
      "customName": "Action duration (load action, by browser)",
      "queries": [
        {
          "id": "A",
          "metric": "builtin:apps.web.actionDuration.load.browser",
          "spaceAggregation": "AVG",
          "timeAggregation": "DEFAULT",
          "splitBy": [
            "dt.entity.application"
          ],
          "filterBy": {
            "filterOperator": "AND",
            "nestedFilters": [
              {
                "filter": "dt.entity.application",
                "filterType": "TAG",
                "filterOperator": "OR",
                "nestedFilters": [],
                "criteria": [
                  {
                    "value": "{{ .appKey }}:{{ .appValue }}",
                    "evaluator": "IN"
                  }
                ]
              }
            ],
            "criteria": []
          },
          "enabled": true
        }
      ],
      "visualConfig": {
        "type": "TOP_LIST",
        "global": {},
        "rules": [
          {
            "matcher": "A",
            "properties": {
              "seriesType": "LINE"
            },
            "seriesOverrides": []
          },
          {
            "matcher": "A:",
            "properties": {
              "color": "DEFAULT"
            },
            "seriesOverrides": []
          }
        ],
        "axes": {
          "xAxis": {
            "visible": true
          },
          "yAxes": []
        },
        "heatmapSettings": {},
        "thresholds": [
          {
            "axisTarget": "LEFT",
            "rules": [
              {
                "color": "#7dc540"
              },
              {
                "color": "#f5d30f"
              },
              {
                "color": "#dc172a"
              }
            ],
            "visible": true
          }
        ],
        "tableSettings": {},
        "graphChartSettings": {
          "connectNulls": false
        },
        "honeycombSettings": {}
      },
      "queriesSettings": {
        "resolution": ""
      }
    },
    {
      "name": "Nº Key User Actions",
      "nameSize": "",
      "tileType": "DATA_EXPLORER",
      "configured": true,
      "bounds": {
        "top": 304,
        "left": 0,
        "width": 608,
        "height": 380
      },
      "tileFilter": {},
      "customName": "Key User Actions Count",
      "queries": [
        {
          "id": "A",
          "timeAggregation": "DEFAULT",
          "metricSelector": "builtin:apps.web.action.count.load.browser:parents:filter(and(in(\"dt.entity.application\",entitySelector(\"type(application),tag(~\"{{ .appKey }}:{{ .appValue }}~\")\")))):splitBy(\"dt.entity.application\",\"dt.entity.application_method\"):value:auto:sort(value(sum,descending)):limit(50)",
          "enabled": true
        }
      ],
      "visualConfig": {
        "type": "GRAPH_CHART",
        "global": {
          "hideLegend": false
        },
        "rules": [
          {
            "matcher": "A:",
            "properties": {
              "color": "DEFAULT"
            },
            "seriesOverrides": []
          }
        ],
        "axes": {
          "xAxis": {
            "displayName": "",
            "visible": true
          },
          "yAxes": [
            {
              "displayName": "",
              "visible": true,
              "min": "AUTO",
              "max": "AUTO",
              "position": "LEFT",
              "queryIds": [
                "A"
              ],
              "defaultAxis": true
            }
          ]
        },
        "heatmapSettings": {},
        "thresholds": [
          {
            "axisTarget": "LEFT",
            "rules": [
              {
                "color": "#7dc540"
              },
              {
                "color": "#f5d30f"
              },
              {
                "color": "#dc172a"
              }
            ],
            "queryId": "",
            "visible": true
          }
        ],
        "tableSettings": {
          "isThresholdBackgroundAppliedToCell": false
        },
        "graphChartSettings": {
          "connectNulls": false
        },
        "honeycombSettings": {}
      },
      "queriesSettings": {
        "resolution": ""
      }
    },
    {
      "name": "Duración Key User Action",
      "nameSize": "",
      "tileType": "DATA_EXPLORER",
      "configured": true,
      "bounds": {
        "top": 304,
        "left": 608,
        "width": 608,
        "height": 380
      },
      "tileFilter": {},
      "customName": "Key User Action Duration",
      "queries": [
        {
          "id": "A",
          "timeAggregation": "DEFAULT",
          "metricSelector": "builtin:apps.web.action.duration.load.browser:parents:filter(and(in(\"dt.entity.application\",entitySelector(\"type(application),tag(~\"{{ .appKey }}:{{ .appValue }}~\")\")))):splitBy(\"dt.entity.application\",\"dt.entity.application_method\"):avg:auto:sort(value(avg,descending)):limit(10)",
          "enabled": true
        }
      ],
      "visualConfig": {
        "type": "GRAPH_CHART",
        "global": {
          "hideLegend": false
        },
        "rules": [
          {
            "matcher": "A:",
            "properties": {
              "color": "DEFAULT"
            },
            "seriesOverrides": []
          }
        ],
        "axes": {
          "xAxis": {
            "displayName": "",
            "visible": true
          },
          "yAxes": [
            {
              "displayName": "",
              "visible": true,
              "min": "AUTO",
              "max": "AUTO",
              "position": "LEFT",
              "queryIds": [
                "A"
              ],
              "defaultAxis": true
            }
          ]
        },
        "heatmapSettings": {},
        "thresholds": [
          {
            "axisTarget": "LEFT",
            "rules": [
              {
                "color": "#7dc540"
              },
              {
                "color": "#f5d30f"
              },
              {
                "color": "#dc172a"
              }
            ],
            "queryId": "",
            "visible": true
          }
        ],
        "tableSettings": {
          "isThresholdBackgroundAppliedToCell": false
        },
        "graphChartSettings": {
          "connectNulls": false
        },
        "honeycombSettings": {}
      },
      "queriesSettings": {
        "resolution": ""
      }
    },
    {
      "name": "Nº Acciones - Load y XHR",
      "nameSize": "",
      "tileType": "DATA_EXPLORER",
      "configured": true,
      "bounds": {
        "top": 304,
        "left": 1216,
        "width": 304,
        "height": 380
      },
      "tileFilter": {},
      "customName": "Action count - Load and XHR actions",
      "queries": [
        {
          "id": "A",
          "timeAggregation": "DEFAULT",
          "metricSelector": "builtin:apps.web.actionCount.load.browser:filter(and(in(\"dt.entity.application\",entitySelector(\"type(application),tag(~\"{{ .appKey }}:{{ .appValue }}~\")\")))):splitBy(\"dt.entity.application\"):value:auto:sort(value(sum,descending)):limit(10)",
          "enabled": true
        },
        {
          "id": "B",
          "timeAggregation": "DEFAULT",
          "metricSelector": "builtin:apps.web.actionCount.xhr.browser:filter(and(in(\"dt.entity.application\",entitySelector(\"type(application),tag(~\"{{ .appKey }}:{{ .appValue }}~\")\")))):splitBy(\"dt.entity.application\"):value:auto:sort(value(sum,descending)):limit(10)",
          "enabled": true
        }
      ],
      "visualConfig": {
        "type": "GRAPH_CHART",
        "global": {
          "hideLegend": false
        },
        "rules": [
          {
            "matcher": "A:",
            "properties": {
              "color": "DEFAULT"
            },
            "seriesOverrides": []
          },
          {
            "matcher": "B:",
            "properties": {
              "color": "DEFAULT"
            },
            "seriesOverrides": []
          }
        ],
        "axes": {
          "xAxis": {
            "displayName": "",
            "visible": true
          },
          "yAxes": [
            {
              "displayName": "",
              "visible": true,
              "min": "AUTO",
              "max": "AUTO",
              "position": "LEFT",
              "queryIds": [
                "A",
                "B"
              ],
              "defaultAxis": true
            }
          ]
        },
        "heatmapSettings": {},
        "thresholds": [
          {
            "axisTarget": "LEFT",
            "rules": [
              {
                "color": "#7dc540"
              },
              {
                "color": "#f5d30f"
              },
              {
                "color": "#dc172a"
              }
            ],
            "queryId": "",
            "visible": true
          }
        ],
        "tableSettings": {
          "isThresholdBackgroundAppliedToCell": false
        },
        "graphChartSettings": {
          "connectNulls": false
        },
        "honeycombSettings": {}
      },
      "queriesSettings": {
        "resolution": ""
      }
    },
    {
      "name": "Nº de Key User Actions con Errores",
      "nameSize": "",
      "tileType": "DATA_EXPLORER",
      "configured": true,
      "bounds": {
        "top": 684,
        "left": 0,
        "width": 608,
        "height": 380
      },
      "tileFilter": {},
      "customName": "Count of Key User Actions with Errors",
      "queries": [
        {
          "id": "A",
          "timeAggregation": "DEFAULT",
          "metricSelector": "builtin:apps.web.action.countOfUserActionsWithErrors:parents:filter(and(in(\"dt.entity.application\",entitySelector(\"type(application),tag(~\"{{ .appKey }}:{{ .appValue }}~\")\")))):splitBy(\"dt.entity.application\",\"dt.entity.application_method\"):value:auto:sort(value(sum,descending)):limit(10)",
          "enabled": true
        }
      ],
      "visualConfig": {
        "type": "GRAPH_CHART",
        "global": {
          "hideLegend": false
        },
        "rules": [
          {
            "matcher": "A:",
            "properties": {
              "color": "DEFAULT"
            },
            "seriesOverrides": []
          }
        ],
        "axes": {
          "xAxis": {
            "displayName": "",
            "visible": true
          },
          "yAxes": [
            {
              "displayName": "",
              "visible": true,
              "min": "AUTO",
              "max": "AUTO",
              "position": "LEFT",
              "queryIds": [
                "A"
              ],
              "defaultAxis": true
            }
          ]
        },
        "heatmapSettings": {},
        "thresholds": [
          {
            "axisTarget": "LEFT",
            "rules": [
              {
                "color": "#7dc540"
              },
              {
                "color": "#f5d30f"
              },
              {
                "color": "#dc172a"
              }
            ],
            "queryId": "",
            "visible": true
          }
        ],
        "tableSettings": {
          "isThresholdBackgroundAppliedToCell": false
        },
        "graphChartSettings": {
          "connectNulls": false
        },
        "honeycombSettings": {}
      },
      "queriesSettings": {
        "resolution": ""
      }
    },
    {
      "name": "Duración Acciones Key XHR",
      "nameSize": "",
      "tileType": "DATA_EXPLORER",
      "configured": true,
      "bounds": {
        "top": 684,
        "left": 608,
        "width": 608,
        "height": 380
      },
      "tileFilter": {},
      "customName": "Key XHR Action Duration",
      "queries": [
        {
          "id": "A",
          "timeAggregation": "DEFAULT",
          "metricSelector": "builtin:apps.web.action.duration.xhr.browser:parents:filter(and(in(\"dt.entity.application\",entitySelector(\"type(application),tag(~\"{{ .appKey }}:{{ .appValue }}~\")\")))):splitBy(\"dt.entity.application\",\"dt.entity.application_method\"):avg:auto:sort(value(avg,descending)):limit(10)",
          "enabled": true
        }
      ],
      "visualConfig": {
        "type": "GRAPH_CHART",
        "global": {
          "hideLegend": false
        },
        "rules": [
          {
            "matcher": "A:",
            "properties": {
              "color": "DEFAULT"
            },
            "seriesOverrides": []
          }
        ],
        "axes": {
          "xAxis": {
            "displayName": "",
            "visible": true
          },
          "yAxes": [
            {
              "displayName": "",
              "visible": true,
              "min": "AUTO",
              "max": "AUTO",
              "position": "LEFT",
              "queryIds": [
                "A"
              ],
              "defaultAxis": true
            }
          ]
        },
        "heatmapSettings": {},
        "thresholds": [
          {
            "axisTarget": "LEFT",
            "rules": [
              {
                "color": "#7dc540"
              },
              {
                "color": "#f5d30f"
              },
              {
                "color": "#dc172a"
              }
            ],
            "queryId": "",
            "visible": true
          }
        ],
        "tableSettings": {
          "isThresholdBackgroundAppliedToCell": false
        },
        "graphChartSettings": {
          "connectNulls": false
        },
        "honeycombSettings": {}
      },
      "queriesSettings": {
        "resolution": ""
      }
    },
    {
      "name": "Nº Acciones Key XHR",
      "nameSize": "",
      "tileType": "DATA_EXPLORER",
      "configured": true,
      "bounds": {
        "top": 684,
        "left": 1216,
        "width": 304,
        "height": 380
      },
      "tileFilter": {},
      "customName": "Key XHR Action Count",
      "queries": [
        {
          "id": "A",
          "timeAggregation": "DEFAULT",
          "metricSelector": "builtin:apps.web.action.count.xhr.browser:parents:filter(and(in(\"dt.entity.application\",entitySelector(\"type(application),tag(~\"{{ .appKey }}:{{ .appValue }}~\")\")))):splitBy(\"dt.entity.application\",\"dt.entity.application_method\"):value:auto:sort(value(sum,descending)):limit(10)",
          "enabled": true
        }
      ],
      "visualConfig": {
        "type": "GRAPH_CHART",
        "global": {
          "hideLegend": false
        },
        "rules": [
          {
            "matcher": "A:",
            "properties": {
              "color": "DEFAULT"
            },
            "seriesOverrides": []
          }
        ],
        "axes": {
          "xAxis": {
            "displayName": "",
            "visible": true
          },
          "yAxes": [
            {
              "displayName": "",
              "visible": true,
              "min": "AUTO",
              "max": "AUTO",
              "position": "LEFT",
              "queryIds": [
                "A"
              ],
              "defaultAxis": true
            }
          ]
        },
        "heatmapSettings": {},
        "thresholds": [
          {
            "axisTarget": "LEFT",
            "rules": [
              {
                "color": "#7dc540"
              },
              {
                "color": "#f5d30f"
              },
              {
                "color": "#dc172a"
              }
            ],
            "queryId": "",
            "visible": true
          }
        ],
        "tableSettings": {
          "isThresholdBackgroundAppliedToCell": false
        },
        "graphChartSettings": {
          "connectNulls": false
        },
        "honeycombSettings": {}
      },
      "queriesSettings": {
        "resolution": ""
      }
    },
    {
      "name": "Nº Errores por Tipo",
      "nameSize": "",
      "tileType": "DATA_EXPLORER",
      "configured": true,
      "bounds": {
        "top": 0,
        "left": 912,
        "width": 304,
        "height": 304
      },
      "tileFilter": {},
      "customName": "Count of errors by error type",
      "queries": [
        {
          "id": "A",
          "metric": "builtin:apps.web.countOfErrors",
          "spaceAggregation": "SUM",
          "timeAggregation": "DEFAULT",
          "splitBy": [
            "dt.entity.application",
            "Error type"
          ],
          "filterBy": {
            "filterOperator": "AND",
            "nestedFilters": [
              {
                "filter": "dt.entity.application",
                "filterType": "TAG",
                "filterOperator": "OR",
                "nestedFilters": [],
                "criteria": [
                  {
                    "value": "{{ .appKey }}:{{ .appValue }}",
                    "evaluator": "IN"
                  }
                ]
              }
            ],
            "criteria": []
          },
          "enabled": true
        }
      ],
      "visualConfig": {
        "type": "TOP_LIST",
        "global": {},
        "rules": [
          {
            "matcher": "A",
            "properties": {
              "seriesType": "LINE"
            },
            "seriesOverrides": []
          },
          {
            "matcher": "A:",
            "properties": {
              "color": "DEFAULT"
            },
            "seriesOverrides": []
          }
        ],
        "axes": {
          "xAxis": {
            "visible": true
          },
          "yAxes": []
        },
        "heatmapSettings": {},
        "thresholds": [
          {
            "axisTarget": "LEFT",
            "rules": [
              {
                "color": "#7dc540"
              },
              {
                "color": "#f5d30f"
              },
              {
                "color": "#dc172a"
              }
            ],
            "visible": true
          }
        ],
        "tableSettings": {},
        "graphChartSettings": {
          "connectNulls": false
        },
        "honeycombSettings": {}
      },
      "queriesSettings": {
        "resolution": ""
      }
    }
  ]
}