{
  "dashboardMetadata": {
    "name": "🩺{{.name}}",
    "shared": true,
    "owner": "{{.owner}}",
    "tags": [
      "{{ .appKey }}:{{ .appValue }}"
    ],
    "preset": true
  },
  "tiles": [
    {
      "name": "Processes",
      "nameSize": "",
      "tileType": "HEADER",
      "configured": true,
      "bounds": {
        "top": 0,
        "left": 0,
        "width": 1216,
        "height": 38
      },
      "tileFilter": {}
    },
    {
      "name": "Machines",
      "nameSize": "",
      "tileType": "HEADER",
      "configured": true,
      "bounds": {
        "top": 684,
        "left": 0,
        "width": 1216,
        "height": 38
      },
      "tileFilter": {}
    },
    {
      "name": "CPU Usage in %",
      "nameSize": "",
      "tileType": "DATA_EXPLORER",
      "configured": true,
      "bounds": {
        "top": 38,
        "left": 0,
        "width": 304,
        "height": 304
      },
      "tileFilter": {},
      "customName": "CPU usage",
      "queries": [
        {
          "id": "A",
          "metric": "builtin:tech.generic.cpu.usage",
          "spaceAggregation": "AVG",
          "timeAggregation": "DEFAULT",
          "splitBy": [
            "dt.entity.process_group_instance"
          ],
          "filterBy": {
            "filterOperator": "AND",
            "nestedFilters": [
              {
                "filter": "dt.entity.process_group_instance",
                "filterType": "TAG",
                "filterOperator": "OR",
                "nestedFilters": [],
                "criteria": [
                  {
                    "value": "{{ .appKey }}:{{ .appValue }}",
                    "evaluator": "IN"
                  }
                ]
              }
            ],
            "criteria": []
          },
          "enabled": true
        }
      ],
      "visualConfig": {
        "type": "GRAPH_CHART",
        "global": {
          "hideLegend": false
        },
        "rules": [
          {
            "matcher": "A:",
            "properties": {
              "color": "DEFAULT"
            },
            "seriesOverrides": []
          }
        ],
        "axes": {
          "xAxis": {
            "displayName": "",
            "visible": true
          },
          "yAxes": [
            {
              "displayName": "",
              "visible": true,
              "min": "AUTO",
              "max": "AUTO",
              "position": "LEFT",
              "queryIds": [
                "A"
              ],
              "defaultAxis": true
            }
          ]
        },
        "heatmapSettings": {},
        "thresholds": [
          {
            "axisTarget": "LEFT",
            "rules": [
              {
                "color": "#7dc540"
              },
              {
                "color": "#f5d30f"
              },
              {
                "color": "#dc172a"
              }
            ],
            "queryId": "",
            "visible": true
          }
        ],
        "tableSettings": {
          "isThresholdBackgroundAppliedToCell": false
        },
        "graphChartSettings": {
          "connectNulls": false
        },
        "honeycombSettings": {}
      },
      "queriesSettings": {
        "resolution": ""
      }
    },
    {
      "name": "Total CPU Time",
      "nameSize": "",
      "tileType": "DATA_EXPLORER",
      "configured": true,
      "bounds": {
        "top": 38,
        "left": 304,
        "width": 304,
        "height": 304
      },
      "tileFilter": {},
      "customName": "CPU Usage",
      "queries": [
        {
          "id": "A",
          "metric": "builtin:tech.generic.cpu.totalTime",
          "spaceAggregation": "AVG",
          "timeAggregation": "DEFAULT",
          "splitBy": [
            "dt.entity.process_group_instance"
          ],
          "filterBy": {
            "filterOperator": "AND",
            "nestedFilters": [
              {
                "filter": "dt.entity.process_group_instance",
                "filterType": "TAG",
                "filterOperator": "OR",
                "nestedFilters": [],
                "criteria": [
                  {
                    "value": "{{ .appKey }}:{{ .appValue }}",
                    "evaluator": "IN"
                  }
                ]
              }
            ],
            "criteria": []
          },
          "enabled": true
        }
      ],
      "visualConfig": {
        "type": "GRAPH_CHART",
        "global": {
          "hideLegend": false
        },
        "rules": [
          {
            "matcher": "A:",
            "properties": {
              "color": "DEFAULT"
            },
            "seriesOverrides": []
          }
        ],
        "axes": {
          "xAxis": {
            "displayName": "",
            "visible": true
          },
          "yAxes": [
            {
              "displayName": "",
              "visible": true,
              "min": "AUTO",
              "max": "AUTO",
              "position": "LEFT",
              "queryIds": [
                "A"
              ],
              "defaultAxis": true
            }
          ]
        },
        "heatmapSettings": {},
        "thresholds": [
          {
            "axisTarget": "LEFT",
            "rules": [
              {
                "color": "#7dc540"
              },
              {
                "color": "#f5d30f"
              },
              {
                "color": "#dc172a"
              }
            ],
            "queryId": "",
            "visible": true
          }
        ],
        "tableSettings": {
          "isThresholdBackgroundAppliedToCell": false
        },
        "graphChartSettings": {
          "connectNulls": false
        },
        "honeycombSettings": {}
      },
      "queriesSettings": {
        "resolution": ""
      }
    },
    {
      "name": "CPU Usage",
      "nameSize": "",
      "tileType": "DATA_EXPLORER",
      "configured": true,
      "bounds": {
        "top": 722,
        "left": 0,
        "width": 304,
        "height": 304
      },
      "tileFilter": {},
      "customName": "CPU usage",
      "queries": [
        {
          "id": "A",
          "metric": "builtin:host.cpu.usage",
          "spaceAggregation": "AVG",
          "timeAggregation": "DEFAULT",
          "splitBy": [
            "dt.entity.host"
          ],
          "filterBy": {
            "filterOperator": "AND",
            "nestedFilters": [
              {
                "filter": "dt.entity.host",
                "filterType": "TAG",
                "filterOperator": "OR",
                "nestedFilters": [],
                "criteria": [
                  {
                    "value": "{{ .appKey }}:{{ .appValue }}",
                    "evaluator": "IN"
                  }
                ]
              }
            ],
            "criteria": []
          },
          "enabled": true
        }
      ],
      "visualConfig": {
        "type": "TOP_LIST",
        "global": {},
        "rules": [
          {
            "matcher": "A",
            "properties": {
              "seriesType": "LINE"
            },
            "seriesOverrides": []
          },
          {
            "matcher": "A:",
            "properties": {
              "color": "DEFAULT"
            },
            "seriesOverrides": []
          }
        ],
        "axes": {
          "xAxis": {
            "visible": true
          },
          "yAxes": []
        },
        "heatmapSettings": {},
        "thresholds": [
          {
            "axisTarget": "LEFT",
            "rules": [
              {
                "color": "#7dc540"
              },
              {
                "color": "#f5d30f"
              },
              {
                "color": "#dc172a"
              }
            ],
            "visible": true
          }
        ],
        "tableSettings": {},
        "graphChartSettings": {
          "connectNulls": false
        },
        "honeycombSettings": {}
      },
      "queriesSettings": {
        "resolution": ""
      }
    },
    {
      "name": "CPU Suspension Time",
      "nameSize": "",
      "tileType": "DATA_EXPLORER",
      "configured": true,
      "bounds": {
        "top": 38,
        "left": 608,
        "width": 304,
        "height": 304
      },
      "tileFilter": {},
      "customName": "Memory usage",
      "queries": [
        {
          "id": "A",
          "metric": "builtin:tech.generic.cpu.suspensionTime",
          "spaceAggregation": "AVG",
          "timeAggregation": "DEFAULT",
          "splitBy": [
            "dt.entity.process_group_instance"
          ],
          "filterBy": {
            "filterOperator": "AND",
            "nestedFilters": [
              {
                "filter": "dt.entity.process_group_instance",
                "filterType": "TAG",
                "filterOperator": "OR",
                "nestedFilters": [],
                "criteria": [
                  {
                    "value": "{{ .appKey }}:{{ .appValue }}",
                    "evaluator": "IN"
                  }
                ]
              }
            ],
            "criteria": []
          },
          "enabled": true
        }
      ],
      "visualConfig": {
        "type": "GRAPH_CHART",
        "global": {
          "hideLegend": false
        },
        "rules": [
          {
            "matcher": "A:",
            "properties": {
              "color": "DEFAULT"
            },
            "seriesOverrides": []
          }
        ],
        "axes": {
          "xAxis": {
            "displayName": "",
            "visible": true
          },
          "yAxes": [
            {
              "displayName": "",
              "visible": true,
              "min": "AUTO",
              "max": "AUTO",
              "position": "LEFT",
              "queryIds": [
                "A"
              ],
              "defaultAxis": true
            }
          ]
        },
        "heatmapSettings": {},
        "thresholds": [
          {
            "axisTarget": "LEFT",
            "rules": [
              {
                "color": "#7dc540"
              },
              {
                "color": "#f5d30f"
              },
              {
                "color": "#dc172a"
              }
            ],
            "queryId": "",
            "visible": true
          }
        ],
        "tableSettings": {
          "isThresholdBackgroundAppliedToCell": false
        },
        "graphChartSettings": {
          "connectNulls": false
        },
        "honeycombSettings": {}
      },
      "queriesSettings": {
        "resolution": ""
      }
    },
    {
      "name": "Memory Usage",
      "nameSize": "",
      "tileType": "DATA_EXPLORER",
      "configured": true,
      "bounds": {
        "top": 38,
        "left": 912,
        "width": 304,
        "height": 304
      },
      "tileFilter": {},
      "customName": "Memory usage",
      "queries": [
        {
          "id": "A",
          "metric": "builtin:tech.generic.mem.usage",
          "spaceAggregation": "AVG",
          "timeAggregation": "DEFAULT",
          "splitBy": [
            "dt.entity.process_group_instance"
          ],
          "filterBy": {
            "filterOperator": "AND",
            "nestedFilters": [
              {
                "filter": "dt.entity.process_group_instance",
                "filterType": "TAG",
                "filterOperator": "OR",
                "nestedFilters": [],
                "criteria": [
                  {
                    "value": "{{ .appKey }}:{{ .appValue }}",
                    "evaluator": "IN"
                  }
                ]
              }
            ],
            "criteria": []
          },
          "enabled": true
        }
      ],
      "visualConfig": {
        "type": "GRAPH_CHART",
        "global": {
          "hideLegend": false
        },
        "rules": [
          {
            "matcher": "A:",
            "properties": {
              "color": "DEFAULT"
            },
            "seriesOverrides": []
          }
        ],
        "axes": {
          "xAxis": {
            "displayName": "",
            "visible": true
          },
          "yAxes": [
            {
              "displayName": "",
              "visible": true,
              "min": "AUTO",
              "max": "AUTO",
              "position": "LEFT",
              "queryIds": [
                "A"
              ],
              "defaultAxis": true
            }
          ]
        },
        "heatmapSettings": {},
        "thresholds": [
          {
            "axisTarget": "LEFT",
            "rules": [
              {
                "color": "#7dc540"
              },
              {
                "color": "#f5d30f"
              },
              {
                "color": "#dc172a"
              }
            ],
            "queryId": "",
            "visible": true
          }
        ],
        "tableSettings": {
          "isThresholdBackgroundAppliedToCell": false
        },
        "graphChartSettings": {
          "connectNulls": false
        },
        "honeycombSettings": {}
      },
      "queriesSettings": {
        "resolution": ""
      }
    },
    {
      "name": "Page Faults",
      "nameSize": "",
      "tileType": "DATA_EXPLORER",
      "configured": true,
      "bounds": {
        "top": 342,
        "left": 0,
        "width": 304,
        "height": 304
      },
      "tileFilter": {},
      "customName": "Disk usage",
      "queries": [
        {
          "id": "A",
          "metric": "builtin:tech.generic.mem.pageFaults",
          "spaceAggregation": "AVG",
          "timeAggregation": "DEFAULT",
          "splitBy": [
            "dt.entity.process_group_instance"
          ],
          "filterBy": {
            "filterOperator": "AND",
            "nestedFilters": [
              {
                "filter": "dt.entity.process_group_instance",
                "filterType": "TAG",
                "filterOperator": "OR",
                "nestedFilters": [],
                "criteria": [
                  {
                    "value": "{{ .appKey }}:{{ .appValue }}",
                    "evaluator": "IN"
                  }
                ]
              }
            ],
            "criteria": []
          },
          "enabled": true
        }
      ],
      "visualConfig": {
        "type": "GRAPH_CHART",
        "global": {
          "hideLegend": false
        },
        "rules": [
          {
            "matcher": "A:",
            "properties": {
              "color": "DEFAULT"
            },
            "seriesOverrides": []
          }
        ],
        "axes": {
          "xAxis": {
            "displayName": "",
            "visible": true
          },
          "yAxes": [
            {
              "displayName": "",
              "visible": true,
              "min": "AUTO",
              "max": "AUTO",
              "position": "LEFT",
              "queryIds": [
                "A"
              ],
              "defaultAxis": true
            }
          ]
        },
        "heatmapSettings": {},
        "thresholds": [
          {
            "axisTarget": "LEFT",
            "rules": [
              {
                "color": "#7dc540"
              },
              {
                "color": "#f5d30f"
              },
              {
                "color": "#dc172a"
              }
            ],
            "queryId": "",
            "visible": true
          }
        ],
        "tableSettings": {
          "isThresholdBackgroundAppliedToCell": false
        },
        "graphChartSettings": {
          "connectNulls": false
        },
        "honeycombSettings": {}
      },
      "queriesSettings": {
        "resolution": ""
      }
    },
    {
      "name": "Throughput",
      "nameSize": "",
      "tileType": "DATA_EXPLORER",
      "configured": true,
      "bounds": {
        "top": 342,
        "left": 304,
        "width": 304,
        "height": 304
      },
      "tileFilter": {},
      "customName": "Disk usage",
      "queries": [
        {
          "id": "A",
          "metric": "builtin:tech.generic.network.throughput",
          "spaceAggregation": "AVG",
          "timeAggregation": "DEFAULT",
          "splitBy": [
            "dt.entity.process_group_instance"
          ],
          "filterBy": {
            "filterOperator": "AND",
            "nestedFilters": [
              {
                "filter": "dt.entity.process_group_instance",
                "filterType": "TAG",
                "filterOperator": "OR",
                "nestedFilters": [],
                "criteria": [
                  {
                    "value": "{{ .appKey }}:{{ .appValue }}",
                    "evaluator": "IN"
                  }
                ]
              }
            ],
            "criteria": []
          },
          "enabled": true
        }
      ],
      "visualConfig": {
        "type": "GRAPH_CHART",
        "global": {
          "hideLegend": false
        },
        "rules": [
          {
            "matcher": "A:",
            "properties": {
              "color": "DEFAULT"
            },
            "seriesOverrides": []
          }
        ],
        "axes": {
          "xAxis": {
            "displayName": "",
            "visible": true
          },
          "yAxes": [
            {
              "displayName": "",
              "visible": true,
              "min": "AUTO",
              "max": "AUTO",
              "position": "LEFT",
              "queryIds": [
                "A"
              ],
              "defaultAxis": true
            }
          ]
        },
        "heatmapSettings": {},
        "thresholds": [
          {
            "axisTarget": "LEFT",
            "rules": [
              {
                "color": "#7dc540"
              },
              {
                "color": "#f5d30f"
              },
              {
                "color": "#dc172a"
              }
            ],
            "queryId": "",
            "visible": true
          }
        ],
        "tableSettings": {
          "isThresholdBackgroundAppliedToCell": false
        },
        "graphChartSettings": {
          "connectNulls": false
        },
        "honeycombSettings": {}
      },
      "queriesSettings": {
        "resolution": ""
      }
    },
    {
      "name": "Session Timeout",
      "nameSize": "",
      "tileType": "DATA_EXPLORER",
      "configured": true,
      "bounds": {
        "top": 342,
        "left": 608,
        "width": 304,
        "height": 304
      },
      "tileFilter": {},
      "customName": "Session Timeout Received",
      "queries": [
        {
          "id": "A",
          "metric": "builtin:tech.generic.network.sessions.timeoutAggr",
          "spaceAggregation": "AVG",
          "timeAggregation": "DEFAULT",
          "splitBy": [
            "dt.entity.process_group_instance"
          ],
          "filterBy": {
            "filterOperator": "AND",
            "nestedFilters": [
              {
                "filter": "dt.entity.process_group_instance",
                "filterType": "TAG",
                "filterOperator": "OR",
                "nestedFilters": [],
                "criteria": [
                  {
                    "value": "{{ .appKey }}:{{ .appValue }}",
                    "evaluator": "IN"
                  }
                ]
              }
            ],
            "criteria": []
          },
          "enabled": true
        }
      ],
      "visualConfig": {
        "type": "GRAPH_CHART",
        "global": {
          "hideLegend": false
        },
        "rules": [
          {
            "matcher": "A:",
            "properties": {
              "color": "DEFAULT"
            },
            "seriesOverrides": []
          }
        ],
        "axes": {
          "xAxis": {
            "displayName": "",
            "visible": true
          },
          "yAxes": [
            {
              "displayName": "",
              "visible": true,
              "min": "AUTO",
              "max": "AUTO",
              "position": "LEFT",
              "queryIds": [
                "A"
              ],
              "defaultAxis": true
            }
          ]
        },
        "heatmapSettings": {},
        "thresholds": [
          {
            "axisTarget": "LEFT",
            "rules": [
              {
                "color": "#7dc540"
              },
              {
                "color": "#f5d30f"
              },
              {
                "color": "#dc172a"
              }
            ],
            "queryId": "",
            "visible": true
          }
        ],
        "tableSettings": {
          "isThresholdBackgroundAppliedToCell": false
        },
        "graphChartSettings": {
          "connectNulls": false
        },
        "honeycombSettings": {}
      },
      "queriesSettings": {
        "resolution": ""
      }
    },
    {
      "name": "File Descriptors Usados",
      "nameSize": "",
      "tileType": "DATA_EXPLORER",
      "configured": true,
      "bounds": {
        "top": 342,
        "left": 912,
        "width": 304,
        "height": 304
      },
      "tileFilter": {},
      "customName": "File Descriptors Used",
      "queries": [
        {
          "id": "A",
          "metric": "builtin:tech.generic.handles.fileDescriptorsUsed",
          "spaceAggregation": "SUM",
          "timeAggregation": "DEFAULT",
          "splitBy": [
            "dt.entity.process_group_instance"
          ],
          "filterBy": {
            "filterOperator": "AND",
            "nestedFilters": [
              {
                "filter": "dt.entity.process_group_instance",
                "filterType": "TAG",
                "filterOperator": "OR",
                "nestedFilters": [],
                "criteria": [
                  {
                    "value": "{{ .appKey }}:{{ .appValue }}",
                    "evaluator": "IN"
                  }
                ]
              }
            ],
            "criteria": []
          },
          "enabled": true
        }
      ],
      "visualConfig": {
        "type": "GRAPH_CHART",
        "global": {
          "hideLegend": false
        },
        "rules": [
          {
            "matcher": "A:",
            "properties": {
              "color": "DEFAULT"
            },
            "seriesOverrides": []
          }
        ],
        "axes": {
          "xAxis": {
            "displayName": "",
            "visible": true
          },
          "yAxes": [
            {
              "displayName": "",
              "visible": true,
              "min": "AUTO",
              "max": "AUTO",
              "position": "LEFT",
              "queryIds": [
                "A"
              ],
              "defaultAxis": true
            }
          ]
        },
        "heatmapSettings": {},
        "thresholds": [
          {
            "axisTarget": "LEFT",
            "rules": [
              {
                "color": "#7dc540"
              },
              {
                "color": "#f5d30f"
              },
              {
                "color": "#dc172a"
              }
            ],
            "queryId": "",
            "visible": true
          }
        ],
        "tableSettings": {
          "isThresholdBackgroundAppliedToCell": false
        },
        "graphChartSettings": {
          "connectNulls": false
        },
        "honeycombSettings": {}
      },
      "queriesSettings": {
        "resolution": ""
      }
    },
    {
      "name": "Uso CPU",
      "nameSize": "",
      "tileType": "DATA_EXPLORER",
      "configured": true,
      "bounds": {
        "top": 722,
        "left": 304,
        "width": 304,
        "height": 304
      },
      "tileFilter": {},
      "customName": "CPU Usage",
      "queries": [
        {
          "id": "A",
          "metric": "builtin:host.cpu.usage",
          "spaceAggregation": "AVG",
          "timeAggregation": "DEFAULT",
          "splitBy": [
            "dt.entity.host"
          ],
          "filterBy": {
            "filterOperator": "AND",
            "nestedFilters": [
              {
                "filter": "dt.entity.host",
                "filterType": "TAG",
                "filterOperator": "OR",
                "nestedFilters": [],
                "criteria": [
                  {
                    "value": "{{ .appKey }}:{{ .appValue }}",
                    "evaluator": "IN"
                  }
                ]
              }
            ],
            "criteria": []
          },
          "enabled": true
        }
      ],
      "visualConfig": {
        "type": "GRAPH_CHART",
        "global": {
          "hideLegend": false
        },
        "rules": [
          {
            "matcher": "A:",
            "properties": {
              "color": "DEFAULT"
            },
            "seriesOverrides": []
          }
        ],
        "axes": {
          "xAxis": {
            "displayName": "",
            "visible": true
          },
          "yAxes": [
            {
              "displayName": "",
              "visible": true,
              "min": "AUTO",
              "max": "AUTO",
              "position": "LEFT",
              "queryIds": [
                "A"
              ],
              "defaultAxis": true
            }
          ]
        },
        "heatmapSettings": {},
        "thresholds": [
          {
            "axisTarget": "LEFT",
            "rules": [
              {
                "color": "#7dc540"
              },
              {
                "color": "#f5d30f"
              },
              {
                "color": "#dc172a"
              }
            ],
            "queryId": "",
            "visible": true
          }
        ],
        "tableSettings": {
          "isThresholdBackgroundAppliedToCell": false
        },
        "graphChartSettings": {
          "connectNulls": false
        },
        "honeycombSettings": {}
      },
      "queriesSettings": {
        "resolution": ""
      }
    },
    {
      "name": "Uso Memoria",
      "nameSize": "",
      "tileType": "DATA_EXPLORER",
      "configured": true,
      "bounds": {
        "top": 722,
        "left": 608,
        "width": 304,
        "height": 304
      },
      "tileFilter": {},
      "customName": "Memory usage",
      "queries": [
        {
          "id": "A",
          "metric": "builtin:host.mem.usage",
          "spaceAggregation": "AVG",
          "timeAggregation": "DEFAULT",
          "splitBy": [
            "dt.entity.host"
          ],
          "filterBy": {
            "filterOperator": "AND",
            "nestedFilters": [
              {
                "filter": "dt.entity.host",
                "filterType": "TAG",
                "filterOperator": "OR",
                "nestedFilters": [],
                "criteria": [
                  {
                    "value": "{{ .appKey }}:{{ .appValue }}",
                    "evaluator": "IN"
                  }
                ]
              }
            ],
            "criteria": []
          },
          "enabled": true
        }
      ],
      "visualConfig": {
        "type": "TOP_LIST",
        "global": {},
        "rules": [
          {
            "matcher": "A",
            "properties": {
              "seriesType": "LINE"
            },
            "seriesOverrides": []
          },
          {
            "matcher": "A:",
            "properties": {
              "color": "DEFAULT"
            },
            "seriesOverrides": []
          }
        ],
        "axes": {
          "xAxis": {
            "visible": true
          },
          "yAxes": []
        },
        "heatmapSettings": {},
        "thresholds": [
          {
            "axisTarget": "LEFT",
            "rules": [
              {
                "color": "#7dc540"
              },
              {
                "color": "#f5d30f"
              },
              {
                "color": "#dc172a"
              }
            ],
            "visible": true
          }
        ],
        "tableSettings": {},
        "graphChartSettings": {
          "connectNulls": false
        },
        "honeycombSettings": {}
      },
      "queriesSettings": {
        "resolution": ""
      }
    },
    {
      "name": "Uso Memoria",
      "nameSize": "",
      "tileType": "DATA_EXPLORER",
      "configured": true,
      "bounds": {
        "top": 722,
        "left": 912,
        "width": 304,
        "height": 304
      },
      "tileFilter": {},
      "customName": "Memory usage",
      "queries": [
        {
          "id": "A",
          "metric": "builtin:host.mem.usage",
          "spaceAggregation": "AVG",
          "timeAggregation": "DEFAULT",
          "splitBy": [
            "dt.entity.host"
          ],
          "filterBy": {
            "filterOperator": "AND",
            "nestedFilters": [
              {
                "filter": "dt.entity.host",
                "filterType": "TAG",
                "filterOperator": "OR",
                "nestedFilters": [],
                "criteria": [
                  {
                    "value": "{{ .appKey }}:{{ .appValue }}",
                    "evaluator": "IN"
                  }
                ]
              }
            ],
            "criteria": []
          },
          "enabled": true
        }
      ],
      "visualConfig": {
        "type": "GRAPH_CHART",
        "global": {
          "hideLegend": false
        },
        "rules": [
          {
            "matcher": "A:",
            "properties": {
              "color": "DEFAULT"
            },
            "seriesOverrides": []
          }
        ],
        "axes": {
          "xAxis": {
            "displayName": "",
            "visible": true
          },
          "yAxes": [
            {
              "displayName": "",
              "visible": true,
              "min": "AUTO",
              "max": "AUTO",
              "position": "LEFT",
              "queryIds": [
                "A"
              ],
              "defaultAxis": true
            }
          ]
        },
        "heatmapSettings": {},
        "thresholds": [
          {
            "axisTarget": "LEFT",
            "rules": [
              {
                "color": "#7dc540"
              },
              {
                "color": "#f5d30f"
              },
              {
                "color": "#dc172a"
              }
            ],
            "queryId": "",
            "visible": true
          }
        ],
        "tableSettings": {
          "isThresholdBackgroundAppliedToCell": false
        },
        "graphChartSettings": {
          "connectNulls": false
        },
        "honeycombSettings": {}
      },
      "queriesSettings": {
        "resolution": ""
      }
    },
    {
      "name": "Uso Disco",
      "nameSize": "",
      "tileType": "DATA_EXPLORER",
      "configured": true,
      "bounds": {
        "top": 1026,
        "left": 0,
        "width": 304,
        "height": 304
      },
      "tileFilter": {},
      "customName": "Disk usage",
      "queries": [
        {
          "id": "A",
          "metric": "builtin:host.disk.usedPct",
          "spaceAggregation": "AVG",
          "timeAggregation": "DEFAULT",
          "splitBy": [
            "dt.entity.host",
            "dt.entity.disk"
          ],
          "filterBy": {
            "filterOperator": "AND",
            "nestedFilters": [
              {
                "filter": "dt.entity.host",
                "filterType": "TAG",
                "filterOperator": "OR",
                "nestedFilters": [],
                "criteria": [
                  {
                    "value": "{{ .appKey }}:{{ .appValue }}",
                    "evaluator": "IN"
                  }
                ]
              }
            ],
            "criteria": []
          },
          "enabled": true
        }
      ],
      "visualConfig": {
        "type": "TOP_LIST",
        "global": {},
        "rules": [
          {
            "matcher": "A",
            "properties": {
              "seriesType": "LINE"
            },
            "seriesOverrides": []
          },
          {
            "matcher": "A:",
            "properties": {
              "color": "DEFAULT"
            },
            "seriesOverrides": []
          }
        ],
        "axes": {
          "xAxis": {
            "visible": true
          },
          "yAxes": []
        },
        "heatmapSettings": {},
        "thresholds": [
          {
            "axisTarget": "LEFT",
            "rules": [
              {
                "color": "#7dc540"
              },
              {
                "color": "#f5d30f"
              },
              {
                "color": "#dc172a"
              }
            ],
            "visible": true
          }
        ],
        "tableSettings": {},
        "graphChartSettings": {
          "connectNulls": false
        },
        "honeycombSettings": {}
      },
      "queriesSettings": {
        "resolution": ""
      }
    },
    {
      "name": "Uso Disco",
      "nameSize": "",
      "tileType": "DATA_EXPLORER",
      "configured": true,
      "bounds": {
        "top": 1026,
        "left": 304,
        "width": 304,
        "height": 304
      },
      "tileFilter": {},
      "customName": "Disk usage",
      "queries": [
        {
          "id": "A",
          "metric": "builtin:host.disk.usedPct",
          "spaceAggregation": "AVG",
          "timeAggregation": "DEFAULT",
          "splitBy": [
            "dt.entity.host",
            "dt.entity.disk"
          ],
          "filterBy": {
            "filterOperator": "AND",
            "nestedFilters": [
              {
                "filter": "dt.entity.host",
                "filterType": "TAG",
                "filterOperator": "OR",
                "nestedFilters": [],
                "criteria": [
                  {
                    "value": "{{ .appKey }}:{{ .appValue }}",
                    "evaluator": "IN"
                  }
                ]
              }
            ],
            "criteria": []
          },
          "enabled": true
        }
      ],
      "visualConfig": {
        "type": "GRAPH_CHART",
        "global": {
          "hideLegend": false
        },
        "rules": [
          {
            "matcher": "A:",
            "properties": {
              "color": "DEFAULT"
            },
            "seriesOverrides": []
          }
        ],
        "axes": {
          "xAxis": {
            "displayName": "",
            "visible": true
          },
          "yAxes": [
            {
              "displayName": "",
              "visible": true,
              "min": "AUTO",
              "max": "AUTO",
              "position": "LEFT",
              "queryIds": [
                "A"
              ],
              "defaultAxis": true
            }
          ]
        },
        "heatmapSettings": {},
        "thresholds": [
          {
            "axisTarget": "LEFT",
            "rules": [
              {
                "color": "#7dc540"
              },
              {
                "color": "#f5d30f"
              },
              {
                "color": "#dc172a"
              }
            ],
            "queryId": "",
            "visible": true
          }
        ],
        "tableSettings": {
          "isThresholdBackgroundAppliedToCell": false
        },
        "graphChartSettings": {
          "connectNulls": false
        },
        "honeycombSettings": {}
      },
      "queriesSettings": {
        "resolution": ""
      }
    },
    {
      "name": "Errores Red Enviados",
      "nameSize": "",
      "tileType": "DATA_EXPLORER",
      "configured": true,
      "bounds": {
        "top": 1026,
        "left": 608,
        "width": 304,
        "height": 304
      },
      "tileFilter": {},
      "customName": "Network errors sent",
      "queries": [
        {
          "id": "A",
          "metric": "builtin:host.net.nic.packets.errorsTx",
          "spaceAggregation": "AVG",
          "timeAggregation": "DEFAULT",
          "splitBy": [
            "dt.entity.host",
            "dt.entity.network_interface"
          ],
          "filterBy": {
            "filterOperator": "AND",
            "nestedFilters": [
              {
                "filter": "dt.entity.host",
                "filterType": "TAG",
                "filterOperator": "OR",
                "nestedFilters": [],
                "criteria": [
                  {
                    "value": "{{ .appKey }}:{{ .appValue }}",
                    "evaluator": "IN"
                  }
                ]
              }
            ],
            "criteria": []
          },
          "enabled": true
        }
      ],
      "visualConfig": {
        "type": "TOP_LIST",
        "global": {},
        "rules": [
          {
            "matcher": "A",
            "properties": {
              "seriesType": "LINE"
            },
            "seriesOverrides": []
          },
          {
            "matcher": "A:",
            "properties": {
              "color": "DEFAULT"
            },
            "seriesOverrides": []
          }
        ],
        "axes": {
          "xAxis": {
            "visible": true
          },
          "yAxes": []
        },
        "heatmapSettings": {},
        "thresholds": [
          {
            "axisTarget": "LEFT",
            "rules": [
              {
                "color": "#7dc540"
              },
              {
                "color": "#f5d30f"
              },
              {
                "color": "#dc172a"
              }
            ],
            "visible": true
          }
        ],
        "tableSettings": {},
        "graphChartSettings": {
          "connectNulls": false
        },
        "honeycombSettings": {}
      },
      "queriesSettings": {
        "resolution": ""
      }
    },
    {
      "name": "Errores Red Recibidos",
      "nameSize": "",
      "tileType": "DATA_EXPLORER",
      "configured": true,
      "bounds": {
        "top": 1026,
        "left": 912,
        "width": 304,
        "height": 304
      },
      "tileFilter": {},
      "customName": "Network errors received",
      "queries": [
        {
          "id": "A",
          "metric": "builtin:host.net.nic.packets.errorsRx",
          "spaceAggregation": "AVG",
          "timeAggregation": "DEFAULT",
          "splitBy": [
            "dt.entity.host",
            "dt.entity.network_interface"
          ],
          "filterBy": {
            "filterOperator": "AND",
            "nestedFilters": [
              {
                "filter": "dt.entity.host",
                "filterType": "TAG",
                "filterOperator": "OR",
                "nestedFilters": [],
                "criteria": [
                  {
                    "value": "{{ .appKey }}:{{ .appValue }}",
                    "evaluator": "IN"
                  }
                ]
              }
            ],
            "criteria": []
          },
          "enabled": true
        }
      ],
      "visualConfig": {
        "type": "TOP_LIST",
        "global": {},
        "rules": [
          {
            "matcher": "A",
            "properties": {
              "seriesType": "LINE"
            },
            "seriesOverrides": []
          },
          {
            "matcher": "A:",
            "properties": {
              "color": "DEFAULT"
            },
            "seriesOverrides": []
          }
        ],
        "axes": {
          "xAxis": {
            "visible": true
          },
          "yAxes": []
        },
        "heatmapSettings": {},
        "thresholds": [
          {
            "axisTarget": "LEFT",
            "rules": [
              {
                "color": "#7dc540"
              },
              {
                "color": "#f5d30f"
              },
              {
                "color": "#dc172a"
              }
            ],
            "visible": true
          }
        ],
        "tableSettings": {},
        "graphChartSettings": {
          "connectNulls": false
        },
        "honeycombSettings": {}
      },
      "queriesSettings": {
        "resolution": ""
      }
    },
    {
      "name": "Page Faults por Segundo",
      "nameSize": "",
      "tileType": "DATA_EXPLORER",
      "configured": true,
      "bounds": {
        "top": 1330,
        "left": 0,
        "width": 380,
        "height": 304
      },
      "tileFilter": {},
      "customName": "Page faults per second",
      "queries": [
        {
          "id": "A",
          "metric": "builtin:host.mem.avail.pfps",
          "spaceAggregation": "AVG",
          "timeAggregation": "DEFAULT",
          "splitBy": [
            "dt.entity.host"
          ],
          "filterBy": {
            "filterOperator": "AND",
            "nestedFilters": [
              {
                "filter": "dt.entity.host",
                "filterType": "TAG",
                "filterOperator": "OR",
                "nestedFilters": [],
                "criteria": [
                  {
                    "value": "{{ .appKey }}:{{ .appValue }}",
                    "evaluator": "IN"
                  }
                ]
              }
            ],
            "criteria": []
          },
          "enabled": true
        }
      ],
      "visualConfig": {
        "type": "GRAPH_CHART",
        "global": {
          "hideLegend": false
        },
        "rules": [
          {
            "matcher": "A:",
            "properties": {
              "color": "DEFAULT"
            },
            "seriesOverrides": []
          }
        ],
        "axes": {
          "xAxis": {
            "displayName": "",
            "visible": true
          },
          "yAxes": [
            {
              "displayName": "",
              "visible": true,
              "min": "AUTO",
              "max": "AUTO",
              "position": "LEFT",
              "queryIds": [
                "A"
              ],
              "defaultAxis": true
            }
          ]
        },
        "heatmapSettings": {},
        "thresholds": [
          {
            "axisTarget": "LEFT",
            "rules": [
              {
                "color": "#7dc540"
              },
              {
                "color": "#f5d30f"
              },
              {
                "color": "#dc172a"
              }
            ],
            "queryId": "",
            "visible": true
          }
        ],
        "tableSettings": {
          "isThresholdBackgroundAppliedToCell": false
        },
        "graphChartSettings": {
          "connectNulls": false
        },
        "honeycombSettings": {}
      },
      "queriesSettings": {
        "resolution": ""
      }
    },
    {
      "name": "Tráfico Entrada",
      "nameSize": "",
      "tileType": "DATA_EXPLORER",
      "configured": true,
      "bounds": {
        "top": 1330,
        "left": 380,
        "width": 418,
        "height": 304
      },
      "tileFilter": {},
      "customName": "Traffic in",
      "queries": [
        {
          "id": "A",
          "metric": "builtin:host.net.nic.trafficIn",
          "spaceAggregation": "AVG",
          "timeAggregation": "DEFAULT",
          "splitBy": [
            "dt.entity.host",
            "dt.entity.network_interface"
          ],
          "filterBy": {
            "filterOperator": "AND",
            "nestedFilters": [
              {
                "filter": "dt.entity.host",
                "filterType": "TAG",
                "filterOperator": "OR",
                "nestedFilters": [],
                "criteria": [
                  {
                    "value": "{{ .appKey }}:{{ .appValue }}",
                    "evaluator": "IN"
                  }
                ]
              }
            ],
            "criteria": []
          },
          "enabled": true
        }
      ],
      "visualConfig": {
        "type": "GRAPH_CHART",
        "global": {
          "hideLegend": false
        },
        "rules": [
          {
            "matcher": "A:",
            "properties": {
              "color": "DEFAULT"
            },
            "seriesOverrides": []
          }
        ],
        "axes": {
          "xAxis": {
            "displayName": "",
            "visible": true
          },
          "yAxes": [
            {
              "displayName": "",
              "visible": true,
              "min": "AUTO",
              "max": "AUTO",
              "position": "LEFT",
              "queryIds": [
                "A"
              ],
              "defaultAxis": true
            }
          ]
        },
        "heatmapSettings": {},
        "thresholds": [
          {
            "axisTarget": "LEFT",
            "rules": [
              {
                "color": "#7dc540"
              },
              {
                "color": "#f5d30f"
              },
              {
                "color": "#dc172a"
              }
            ],
            "queryId": "",
            "visible": true
          }
        ],
        "tableSettings": {
          "isThresholdBackgroundAppliedToCell": false
        },
        "graphChartSettings": {
          "connectNulls": false
        },
        "honeycombSettings": {}
      },
      "queriesSettings": {
        "resolution": ""
      }
    },
    {
      "name": "Tráfico Salida",
      "nameSize": "",
      "tileType": "DATA_EXPLORER",
      "configured": true,
      "bounds": {
        "top": 1330,
        "left": 798,
        "width": 418,
        "height": 304
      },
      "tileFilter": {},
      "customName": "Traffic out",
      "queries": [
        {
          "id": "A",
          "metric": "builtin:host.net.nic.trafficOut",
          "spaceAggregation": "AVG",
          "timeAggregation": "DEFAULT",
          "splitBy": [
            "dt.entity.host",
            "dt.entity.network_interface"
          ],
          "filterBy": {
            "filterOperator": "AND",
            "nestedFilters": [
              {
                "filter": "dt.entity.host",
                "filterType": "TAG",
                "filterOperator": "OR",
                "nestedFilters": [],
                "criteria": [
                  {
                    "value": "{{ .appKey }}:{{ .appValue }}",
                    "evaluator": "IN"
                  }
                ]
              }
            ],
            "criteria": []
          },
          "enabled": true
        }
      ],
      "visualConfig": {
        "type": "GRAPH_CHART",
        "global": {
          "hideLegend": false
        },
        "rules": [
          {
            "matcher": "A:",
            "properties": {
              "color": "DEFAULT"
            },
            "seriesOverrides": []
          }
        ],
        "axes": {
          "xAxis": {
            "displayName": "",
            "visible": true
          },
          "yAxes": [
            {
              "displayName": "",
              "visible": true,
              "min": "AUTO",
              "max": "AUTO",
              "position": "LEFT",
              "queryIds": [
                "A"
              ],
              "defaultAxis": true
            }
          ]
        },
        "heatmapSettings": {},
        "thresholds": [
          {
            "axisTarget": "LEFT",
            "rules": [
              {
                "color": "#7dc540"
              },
              {
                "color": "#f5d30f"
              },
              {
                "color": "#dc172a"
              }
            ],
            "queryId": "",
            "visible": true
          }
        ],
        "tableSettings": {
          "isThresholdBackgroundAppliedToCell": false
        },
        "graphChartSettings": {
          "connectNulls": false
        },
        "honeycombSettings": {}
      },
      "queriesSettings": {
        "resolution": ""
      }
    }
  ]
}