{
  "dashboardMetadata": {
    "name": "🕵️‍♂️{{.name}}",
    "shared": true,
    "owner": "{{.owner}}",
    "tags": [
      "{{ .appKey }}:{{ .appValue }}"
    ],
    "preset": true
  },
  "tiles": [
    {
      "name": "Service health",
      "nameSize": "",
      "tileType": "SERVICES",
      "configured": true,
      "bounds": {
        "top": 38,
        "left": 0,
        "width": 304,
        "height": 152
      },
      "tileFilter": {},
      "filterConfig": {
        "type": "SERVICE",
        "customName": "Services",
        "defaultName": "Services",
        "chartConfig": {
          "legendShown": true,
          "type": "TIMESERIES",
          "series": [],
          "resultMetadata": {}
        },
        "filtersPerEntityType": {
          "SERVICE": {
            "AUTO_TAGS": [
              "{{ .appKey }}:{{ .appValue }}"
            ]
          }
        }
      },
      "chartVisible": true
    },
    {
      "name": "Nº Peticiones",
      "nameSize": "",
      "tileType": "DATA_EXPLORER",
      "configured": true,
      "bounds": {
        "top": 38,
        "left": 304,
        "width": 304,
        "height": 304
      },
      "tileFilter": {},
      "customName": "Request count",
      "queries": [
        {
          "id": "A",
          "timeAggregation": "DEFAULT",
          "metricSelector": "builtin:service.requestCount.total:filter(and(in(\"dt.entity.service\",entitySelector(\"type(service),tag(~\"{{ .appKey }}:{{ .appValue }}~\")\")))):splitBy(\"dt.entity.service\"):value:auto:sort(value(sum,descending)):limit(10)",
          "enabled": true
        }
      ],
      "visualConfig": {
        "type": "TOP_LIST",
        "global": {},
        "rules": [
          {
            "matcher": "A",
            "properties": {
              "seriesType": "LINE"
            },
            "seriesOverrides": []
          },
          {
            "matcher": "A:",
            "properties": {
              "color": "DEFAULT"
            },
            "seriesOverrides": []
          }
        ],
        "axes": {
          "xAxis": {
            "visible": true
          },
          "yAxes": []
        },
        "heatmapSettings": {},
        "thresholds": [
          {
            "axisTarget": "LEFT",
            "rules": [
              {
                "color": "#7dc540"
              },
              {
                "color": "#f5d30f"
              },
              {
                "color": "#dc172a"
              }
            ],
            "visible": true
          }
        ],
        "tableSettings": {},
        "graphChartSettings": {
          "connectNulls": false
        },
        "honeycombSettings": {}
      },
      "queriesSettings": {
        "resolution": ""
      }
    },
    {
      "name": "Tasa de Fallo (Cualquier error)",
      "nameSize": "",
      "tileType": "DATA_EXPLORER",
      "configured": true,
      "bounds": {
        "top": 38,
        "left": 608,
        "width": 304,
        "height": 304
      },
      "tileFilter": {},
      "customName": "Failure rate (any  errors)",
      "queries": [
        {
          "id": "A",
          "metric": "builtin:service.errors.total.rate",
          "spaceAggregation": "AVG",
          "timeAggregation": "DEFAULT",
          "splitBy": [
            "dt.entity.service"
          ],
          "filterBy": {
            "filterOperator": "AND",
            "nestedFilters": [
              {
                "filter": "dt.entity.service",
                "filterType": "TAG",
                "filterOperator": "OR",
                "nestedFilters": [],
                "criteria": [
                  {
                    "value": "{{ .appKey }}:{{ .appValue }}",
                    "evaluator": "IN"
                  }
                ]
              }
            ],
            "criteria": []
          },
          "enabled": true
        }
      ],
      "visualConfig": {
        "type": "TOP_LIST",
        "global": {},
        "rules": [
          {
            "matcher": "A",
            "properties": {
              "seriesType": "LINE"
            },
            "seriesOverrides": []
          },
          {
            "matcher": "A:",
            "properties": {
              "color": "DEFAULT"
            },
            "seriesOverrides": []
          }
        ],
        "axes": {
          "xAxis": {
            "visible": true
          },
          "yAxes": []
        },
        "heatmapSettings": {},
        "thresholds": [
          {
            "axisTarget": "LEFT",
            "rules": [
              {
                "color": "#7dc540"
              },
              {
                "color": "#f5d30f"
              },
              {
                "color": "#dc172a"
              }
            ],
            "visible": true
          }
        ],
        "tableSettings": {},
        "graphChartSettings": {
          "connectNulls": false
        },
        "honeycombSettings": {}
      },
      "queriesSettings": {
        "resolution": ""
      }
    },
    {
      "name": "Nº Llamadas a BBDD",
      "nameSize": "",
      "tileType": "DATA_EXPLORER",
      "configured": true,
      "bounds": {
        "top": 38,
        "left": 912,
        "width": 304,
        "height": 304
      },
      "tileFilter": {},
      "customName": "Number of calls to databases",
      "queries": [
        {
          "id": "A",
          "timeAggregation": "DEFAULT",
          "metricSelector": "builtin:service.dbChildCallCount:filter(and(in(\"dt.entity.service\",entitySelector(\"type(service),tag(~\"{{ .appKey }}:{{ .appValue }}~\")\")))):splitBy(\"dt.entity.service\"):value:auto:sort(value(sum,descending)):limit(10)",
          "enabled": true
        }
      ],
      "visualConfig": {
        "type": "GRAPH_CHART",
        "global": {
          "hideLegend": false
        },
        "rules": [
          {
            "matcher": "A:",
            "properties": {
              "color": "DEFAULT"
            },
            "seriesOverrides": []
          }
        ],
        "axes": {
          "xAxis": {
            "displayName": "",
            "visible": true
          },
          "yAxes": [
            {
              "displayName": "",
              "visible": true,
              "min": "AUTO",
              "max": "AUTO",
              "position": "LEFT",
              "queryIds": [
                "A"
              ],
              "defaultAxis": true
            }
          ]
        },
        "heatmapSettings": {},
        "thresholds": [
          {
            "axisTarget": "LEFT",
            "rules": [
              {
                "color": "#7dc540"
              },
              {
                "color": "#f5d30f"
              },
              {
                "color": "#dc172a"
              }
            ],
            "queryId": "",
            "visible": true
          }
        ],
        "tableSettings": {
          "isThresholdBackgroundAppliedToCell": false
        },
        "graphChartSettings": {
          "connectNulls": false
        },
        "honeycombSettings": {}
      },
      "queriesSettings": {
        "resolution": ""
      }
    },
    {
      "name": "Tiempo Total en BBDD",
      "nameSize": "",
      "tileType": "DATA_EXPLORER",
      "configured": true,
      "bounds": {
        "top": 38,
        "left": 1216,
        "width": 304,
        "height": 304
      },
      "tileFilter": {},
      "customName": "Total Time spent in database calls",
      "queries": [
        {
          "id": "A",
          "timeAggregation": "DEFAULT",
          "metricSelector": "builtin:service.dbChildCallTime:filter(and(in(\"dt.entity.service\",entitySelector(\"type(service),tag(~\"{{ .appKey }}:{{ .appValue }}~\")\")))):splitBy(\"dt.entity.service\"):value:auto:sort(value(sum,descending)):limit(10)",
          "enabled": true
        }
      ],
      "visualConfig": {
        "type": "GRAPH_CHART",
        "global": {
          "hideLegend": false
        },
        "rules": [
          {
            "matcher": "A:",
            "properties": {
              "color": "DEFAULT"
            },
            "seriesOverrides": []
          }
        ],
        "axes": {
          "xAxis": {
            "displayName": "",
            "visible": true
          },
          "yAxes": [
            {
              "displayName": "",
              "visible": true,
              "min": "AUTO",
              "max": "AUTO",
              "position": "LEFT",
              "queryIds": [
                "A"
              ],
              "defaultAxis": true
            }
          ]
        },
        "heatmapSettings": {},
        "thresholds": [
          {
            "axisTarget": "LEFT",
            "rules": [
              {
                "color": "#7dc540"
              },
              {
                "color": "#f5d30f"
              },
              {
                "color": "#dc172a"
              }
            ],
            "queryId": "",
            "visible": true
          }
        ],
        "tableSettings": {
          "isThresholdBackgroundAppliedToCell": false
        },
        "graphChartSettings": {
          "connectNulls": false
        },
        "honeycombSettings": {}
      },
      "queriesSettings": {
        "resolution": ""
      }
    },
    {
      "name": "Nº Key Requests",
      "nameSize": "",
      "tileType": "DATA_EXPLORER",
      "configured": true,
      "bounds": {
        "top": 342,
        "left": 0,
        "width": 608,
        "height": 456
      },
      "tileFilter": {},
      "customName": "Key Request count",
      "queries": [
        {
          "id": "A",
          "timeAggregation": "DEFAULT",
          "metricSelector": "builtin:service.keyRequest.count.total:parents:filter(and(in(\"dt.entity.service\",entitySelector(\"type(service),tag(~\"{{ .appKey }}:{{ .appValue }}~\")\")))):splitBy(\"dt.entity.service\",\"dt.entity.service_method\"):value:auto:sort(value(sum,descending)):limit(10)",
          "enabled": true
        }
      ],
      "visualConfig": {
        "type": "GRAPH_CHART",
        "global": {
          "hideLegend": false
        },
        "rules": [
          {
            "matcher": "A:",
            "properties": {
              "color": "DEFAULT"
            },
            "seriesOverrides": []
          }
        ],
        "axes": {
          "xAxis": {
            "displayName": "",
            "visible": true
          },
          "yAxes": [
            {
              "displayName": "",
              "visible": true,
              "min": "AUTO",
              "max": "AUTO",
              "position": "LEFT",
              "queryIds": [
                "A"
              ],
              "defaultAxis": true
            }
          ]
        },
        "heatmapSettings": {},
        "thresholds": [
          {
            "axisTarget": "LEFT",
            "rules": [
              {
                "color": "#7dc540"
              },
              {
                "color": "#f5d30f"
              },
              {
                "color": "#dc172a"
              }
            ],
            "queryId": "",
            "visible": true
          }
        ],
        "tableSettings": {
          "isThresholdBackgroundAppliedToCell": false
        },
        "graphChartSettings": {
          "connectNulls": false
        },
        "honeycombSettings": {}
      },
      "queriesSettings": {
        "resolution": ""
      }
    },
    {
      "name": "Key Requests Tiempo Total Procesado",
      "nameSize": "",
      "tileType": "DATA_EXPLORER",
      "configured": true,
      "bounds": {
        "top": 342,
        "left": 608,
        "width": 608,
        "height": 456
      },
      "tileFilter": {},
      "customName": "Key Requests Total processing time",
      "queries": [
        {
          "id": "A",
          "timeAggregation": "DEFAULT",
          "metricSelector": "builtin:service.keyRequest.totalProcessingTime:parents:filter(and(in(\"dt.entity.service\",entitySelector(\"type(service),tag(~\"{{ .appKey }}:{{ .appValue }}~\")\")))):splitBy(\"dt.entity.service\",\"dt.entity.service_method\"):avg:auto:sort(value(avg,descending)):limit(10)",
          "enabled": true
        }
      ],
      "visualConfig": {
        "type": "GRAPH_CHART",
        "global": {
          "hideLegend": false
        },
        "rules": [
          {
            "matcher": "A:",
            "properties": {
              "color": "DEFAULT"
            },
            "seriesOverrides": []
          }
        ],
        "axes": {
          "xAxis": {
            "displayName": "",
            "visible": true
          },
          "yAxes": [
            {
              "displayName": "",
              "visible": true,
              "min": "AUTO",
              "max": "AUTO",
              "position": "LEFT",
              "queryIds": [
                "A"
              ],
              "defaultAxis": true
            }
          ]
        },
        "heatmapSettings": {},
        "thresholds": [
          {
            "axisTarget": "LEFT",
            "rules": [
              {
                "color": "#7dc540"
              },
              {
                "color": "#f5d30f"
              },
              {
                "color": "#dc172a"
              }
            ],
            "queryId": "",
            "visible": true
          }
        ],
        "tableSettings": {
          "isThresholdBackgroundAppliedToCell": false
        },
        "graphChartSettings": {
          "connectNulls": false
        },
        "honeycombSettings": {}
      },
      "queriesSettings": {
        "resolution": ""
      }
    },
    {
      "name": "Key Requests Nº Llamadas a BBDD",
      "nameSize": "",
      "tileType": "DATA_EXPLORER",
      "configured": true,
      "bounds": {
        "top": 342,
        "left": 1216,
        "width": 304,
        "height": 456
      },
      "tileFilter": {},
      "customName": "Key Requests Number of calls to databases",
      "queries": [
        {
          "id": "A",
          "timeAggregation": "DEFAULT",
          "metricSelector": "builtin:service.keyRequest.dbChildCallCount:parents:filter(and(in(\"dt.entity.service\",entitySelector(\"type(service),tag(~\"{{ .appKey }}:{{ .appValue }}~\")\")))):splitBy(\"dt.entity.service\",\"dt.entity.service_method\"):value:auto:sort(value(sum,descending)):limit(10)",
          "enabled": true
        }
      ],
      "visualConfig": {
        "type": "TOP_LIST",
        "global": {},
        "rules": [
          {
            "matcher": "A",
            "properties": {
              "seriesType": "LINE"
            },
            "seriesOverrides": []
          },
          {
            "matcher": "A:",
            "properties": {
              "color": "DEFAULT"
            },
            "seriesOverrides": []
          }
        ],
        "axes": {
          "xAxis": {
            "visible": true
          },
          "yAxes": []
        },
        "heatmapSettings": {},
        "thresholds": [
          {
            "axisTarget": "LEFT",
            "rules": [
              {
                "color": "#7dc540"
              },
              {
                "color": "#f5d30f"
              },
              {
                "color": "#dc172a"
              }
            ],
            "visible": true
          }
        ],
        "tableSettings": {},
        "graphChartSettings": {
          "connectNulls": false
        },
        "honeycombSettings": {}
      },
      "queriesSettings": {
        "resolution": ""
      }
    },
    {
      "name": "Tasa Fallo Key Requests (4xx)",
      "nameSize": "",
      "tileType": "DATA_EXPLORER",
      "configured": true,
      "bounds": {
        "top": 798,
        "left": 0,
        "width": 608,
        "height": 456
      },
      "tileFilter": {},
      "customName": "Key Requests Failure rate (HTTP 4xx  errors)",
      "queries": [
        {
          "id": "A",
          "timeAggregation": "DEFAULT",
          "metricSelector": "builtin:service.keyRequest.errors.fourxx.rate:parents:filter(and(in(\"dt.entity.service\",entitySelector(\"type(service),tag(~\"{{ .appKey }}:{{ .appValue }}~\")\")))):splitBy(\"dt.entity.service\",\"dt.entity.service_method\"):avg:auto:sort(value(avg,descending)):limit(10)",
          "enabled": true
        }
      ],
      "visualConfig": {
        "type": "GRAPH_CHART",
        "global": {
          "hideLegend": false
        },
        "rules": [
          {
            "matcher": "A:",
            "properties": {
              "color": "DEFAULT"
            },
            "seriesOverrides": []
          }
        ],
        "axes": {
          "xAxis": {
            "displayName": "",
            "visible": true
          },
          "yAxes": [
            {
              "displayName": "",
              "visible": true,
              "min": "AUTO",
              "max": "AUTO",
              "position": "LEFT",
              "queryIds": [
                "A"
              ],
              "defaultAxis": true
            }
          ]
        },
        "heatmapSettings": {},
        "thresholds": [
          {
            "axisTarget": "LEFT",
            "rules": [
              {
                "color": "#7dc540"
              },
              {
                "color": "#f5d30f"
              },
              {
                "color": "#dc172a"
              }
            ],
            "queryId": "",
            "visible": true
          }
        ],
        "tableSettings": {
          "isThresholdBackgroundAppliedToCell": false
        },
        "graphChartSettings": {
          "connectNulls": false
        },
        "honeycombSettings": {}
      },
      "queriesSettings": {
        "resolution": ""
      }
    },
    {
      "name": "Tasa Fallo Key Requests (5xx)",
      "nameSize": "",
      "tileType": "DATA_EXPLORER",
      "configured": true,
      "bounds": {
        "top": 798,
        "left": 608,
        "width": 608,
        "height": 456
      },
      "tileFilter": {},
      "customName": "Key Requests Failure rate (HTTP 5xx  errors)",
      "queries": [
        {
          "id": "A",
          "timeAggregation": "DEFAULT",
          "metricSelector": "builtin:service.keyRequest.errors.fivexx.rate:parents:filter(and(in(\"dt.entity.service\",entitySelector(\"type(service),tag(~\"{{ .appKey }}:{{ .appValue }}~\")\")))):splitBy(\"dt.entity.service\",\"dt.entity.service_method\"):avg:auto:sort(value(avg,descending)):limit(10)",
          "enabled": true
        }
      ],
      "visualConfig": {
        "type": "GRAPH_CHART",
        "global": {
          "hideLegend": false
        },
        "rules": [
          {
            "matcher": "A:",
            "properties": {
              "color": "DEFAULT"
            },
            "seriesOverrides": []
          }
        ],
        "axes": {
          "xAxis": {
            "displayName": "",
            "visible": true
          },
          "yAxes": [
            {
              "displayName": "",
              "visible": true,
              "min": "AUTO",
              "max": "AUTO",
              "position": "LEFT",
              "queryIds": [
                "A"
              ],
              "defaultAxis": true
            }
          ]
        },
        "heatmapSettings": {},
        "thresholds": [
          {
            "axisTarget": "LEFT",
            "rules": [
              {
                "color": "#7dc540"
              },
              {
                "color": "#f5d30f"
              },
              {
                "color": "#dc172a"
              }
            ],
            "queryId": "",
            "visible": true
          }
        ],
        "tableSettings": {
          "isThresholdBackgroundAppliedToCell": false
        },
        "graphChartSettings": {
          "connectNulls": false
        },
        "honeycombSettings": {}
      },
      "queriesSettings": {
        "resolution": ""
      }
    },
    {
      "name": "Tasa Fallo Key Requests (errores/excepciones Servidor)",
      "nameSize": "",
      "tileType": "DATA_EXPLORER",
      "configured": true,
      "bounds": {
        "top": 798,
        "left": 1216,
        "width": 304,
        "height": 456
      },
      "tileFilter": {},
      "customName": "Key Requests Failure rate (server side errors/exceptions)",
      "queries": [
        {
          "id": "A",
          "timeAggregation": "DEFAULT",
          "metricSelector": "builtin:service.keyRequest.errors.server.rate:parents:filter(and(in(\"dt.entity.service\",entitySelector(\"type(service),tag(~\"{{ .appKey }}:{{ .appValue }}~\")\")))):splitBy(\"dt.entity.service\",\"dt.entity.service_method\"):avg:auto:sort(value(avg,descending)):limit(10)",
          "enabled": true
        }
      ],
      "visualConfig": {
        "type": "GRAPH_CHART",
        "global": {
          "hideLegend": false
        },
        "rules": [
          {
            "matcher": "A:",
            "properties": {
              "color": "DEFAULT"
            },
            "seriesOverrides": []
          }
        ],
        "axes": {
          "xAxis": {
            "displayName": "",
            "visible": true
          },
          "yAxes": [
            {
              "displayName": "",
              "visible": true,
              "min": "AUTO",
              "max": "AUTO",
              "position": "LEFT",
              "queryIds": [
                "A"
              ],
              "defaultAxis": true
            }
          ]
        },
        "heatmapSettings": {},
        "thresholds": [
          {
            "axisTarget": "LEFT",
            "rules": [
              {
                "color": "#7dc540"
              },
              {
                "color": "#f5d30f"
              },
              {
                "color": "#dc172a"
              }
            ],
            "queryId": "",
            "visible": true
          }
        ],
        "tableSettings": {
          "isThresholdBackgroundAppliedToCell": false
        },
        "graphChartSettings": {
          "connectNulls": false
        },
        "honeycombSettings": {}
      },
      "queriesSettings": {
        "resolution": ""
      }
    },
    {
      "name": "Service-level objective",
      "tileType": "SLO",
      "configured": true,
      "bounds": {
        "top": 190,
        "left": 0,
        "width": 304,
        "height": 152
      },
      "tileFilter": {
        "timeframe": "-1w"
      },
      "assignedEntities": [
        "{{ .sloId }}"
      ],
      "metric": "METRICS=true;LEGEND=true;PROBLEMS=true;decimals=10;customTitle={{ .sloName }};"
    }
  ]
}