{
 "anomalyDetection": {
  "loadingTimeThresholds": {
   "enabled": false,
   "thresholds": []
  },
  "outageHandling": {
   "globalOutage": true,
   "globalOutagePolicy": {
    "consecutiveRuns": 1
   },
   "localOutage": false,
   "localOutagePolicy": {
    "affectedLocations": null,
    "consecutiveRuns": null
   }
  }
 },
 "automaticallyAssignedApps": [],
 "createdFrom": "GUI",
 "enabled": "{{ .enabled }}",
 "frequencyMin": 60,
 "locationName": "{{.location}}",
 "managementZones": [],
 "manuallyAssignedApps": [],
 "name": "{{.name}}",
 "requests": [
  {
   "entityId": "HTTP_CHECK_STEP-48B5787690AFAD04",
   "name": "{{ .endpoint }}",
   "sequenceNumber": 1
  }
 ],
 "script": {
  "requests": [
   {
    "configuration": {
     "acceptAnyCertificate": true,
     "followRedirects": true
    },
    "description": "{{ .endpoint }}",
    "method": "{{ .method }}",
    "url": "{{ .endpoint }}",
    "validation": {
     "rules": [
      {
       "passIfFound": false,
       "type": "httpStatusesList",
       "value": "\u003e=400"
      }
     ]
    }
   }
  ],
  "version": "1.0"
 },
 "tags": [],
 "type": "HTTP"
}