{
 "conversionGoals": [],
 "costControlUserSessionPercentage": "{{ .costControlUserSessionPercentage }}",
 "customActionApdexSettings": {
  "frustratingFallbackThreshold": 12000,
  "frustratingThreshold": 12000,
  "toleratedFallbackThreshold": 3000,
  "toleratedThreshold": 3000
 },
 "loadActionApdexSettings": {
  "frustratingFallbackThreshold": 12000,
  "frustratingThreshold": 12000,
  "toleratedFallbackThreshold": 3000,
  "toleratedThreshold": 3000
 },
 "loadActionKeyPerformanceMetric": "ACTION_DURATION",
 "metaDataCaptureSettings": [
    {
   "capturingName": "document.referrer",
   "name": "Referrer",
   "publicMetadata": false,
   "type": "JAVA_SCRIPT_VARIABLE",
   "uniqueId": 1,
   "useLastValue": false
  },
  {
   "capturingName": "navigator.userAgent",
   "name": "User agent",
   "publicMetadata": false,
   "type": "JAVA_SCRIPT_VARIABLE",
   "uniqueId": 2,
   "useLastValue": false
  },
  {
   "capturingName": "utm_source",
   "name": "UTM source",
   "publicMetadata": false,
   "type": "QUERY_STRING",
   "uniqueId": 3,
   "useLastValue": false
  },
  {
   "capturingName": "utm_medium",
   "name": "UTM medium",
   "publicMetadata": false,
   "type": "QUERY_STRING",
   "uniqueId": 4,
   "useLastValue": false
  },
  {
   "capturingName": "utm_term",
   "name": "UTM term",
   "publicMetadata": false,
   "type": "QUERY_STRING",
   "uniqueId": 5,
   "useLastValue": false
  },
  {
   "capturingName": "utm_campaign",
   "name": "UTM campaign",
   "publicMetadata": false,
   "type": "QUERY_STRING",
   "uniqueId": 6,
   "useLastValue": false
  },
  {
   "capturingName": "utm_content",
   "name": "UTM content",
   "publicMetadata": false,
   "type": "QUERY_STRING",
   "uniqueId": 7,
   "useLastValue": false
  }
 ],
 "metadata": {
  "clusterVersion": "1.232.0.20211112-085438",
  "configurationVersions": [
   27
  ]
 },
 "userActionAndSessionProperties": [
  {
   "aggregation": "FIRST",
   "displayName": "Referrer",
   "ignoreCase": false,
   "key": "web_referrer",
   "metadataId": 1,
   "origin": "META_DATA",
   "storeAsSessionProperty": true,
   "storeAsUserActionProperty": false,
   "type": "STRING",
   "uniqueId": 1
  },
  {
   "aggregation": "LAST",
   "displayName": "User agent",
   "ignoreCase": false,
   "key": "web_useragent",
   "metadataId": 2,
   "origin": "META_DATA",
   "storeAsSessionProperty": true,
   "storeAsUserActionProperty": false,
   "type": "STRING",
   "uniqueId": 2
  },
  {
   "aggregation": "LAST",
   "displayName": "UTM source",
   "ignoreCase": false,
   "key": "web_utm_source",
   "metadataId": 3,
   "origin": "META_DATA",
   "storeAsSessionProperty": true,
   "storeAsUserActionProperty": false,
   "type": "STRING",
   "uniqueId": 3
  },
  {
   "aggregation": "LAST",
   "displayName": "UTM medium",
   "ignoreCase": false,
   "key": "web_utm_medium",
   "metadataId": 4,
   "origin": "META_DATA",
   "storeAsSessionProperty": true,
   "storeAsUserActionProperty": false,
   "type": "STRING",
   "uniqueId": 4
  },
  {
   "aggregation": "LAST",
   "displayName": "UTM term",
   "ignoreCase": false,
   "key": "web_utm_term",
   "metadataId": 5,
   "origin": "META_DATA",
   "storeAsSessionProperty": true,
   "storeAsUserActionProperty": false,
   "type": "STRING",
   "uniqueId": 5
  },
  {
   "aggregation": "LAST",
   "displayName": "UTM campaign",
   "ignoreCase": false,
   "key": "web_utm_campaign",
   "metadataId": 6,
   "origin": "META_DATA",
   "storeAsSessionProperty": true,
   "storeAsUserActionProperty": false,
   "type": "STRING",
   "uniqueId": 6
  },
  {
   "aggregation": "LAST",
   "displayName": "UTM content",
   "ignoreCase": false,
   "key": "web_utm_content",
   "metadataId": 7,
   "origin": "META_DATA",
   "storeAsSessionProperty": true,
   "storeAsUserActionProperty": false,
   "type": "STRING",
   "uniqueId": 7
  }
 ],
 "monitoringSettings": {
  "addCrossOriginAnonymousAttribute": true,
  "advancedJavaScriptTagSettings": {
   "additionalEventHandlers": {
    "blurEventHandler": false,
    "changeEventHandler": false,
    "clickEventHandler": false,
    "maxDomNodesToInstrument": 5000,
    "mouseupEventHandler": false,
    "toStringMethod": false,
    "userMouseupEventForClicks": false
   },
   "eventWrapperSettings": {
    "blur": false,
    "change": false,
    "click": false,
    "mouseUp": false,
    "touchEnd": false,
    "touchStart": false
   },
   "globalEventCaptureSettings": {
    "additionalEventCapturedAsUserInput": "",
    "click": true,
    "doubleClick": true,
    "keyDown": true,
    "keyUp": true,
    "mouseDown": true,
    "mouseUp": true,
    "scroll": true
   },
   "instrumentUnsupportedAjaxFrameworks": false,
   "maxActionNameLength": 100,
   "maxErrorsToCapture": 10,
   "specialCharactersToEscape": "",
   "syncBeaconFirefox": false,
   "syncBeaconInternetExplorer": false
  },
  "cacheControlHeaderOptimizations": true,
  "contentCapture": {
   "javaScriptErrors": true,
   "resourceTimingSettings": {
    "nonW3cResourceTimings": false,
    "nonW3cResourceTimingsInstrumentationDelay": 50,
    "resourceTimingCaptureType": "CAPTURE_FULL_DETAILS",
    "resourceTimingsDomainLimit": 10,
    "w3cResourceTimings": true
   },
   "timeoutSettings": {
    "temporaryActionLimit": 0,
    "temporaryActionTotalTimeout": 100,
    "timedActionSupport": false
   },
   "visuallyComplete2Settings": null,
   "visuallyCompleteAndSpeedIndex": true
  },
  "cookiePlacementDomain": "",
  "correlationHeaderInclusionRegex": "",
  "customConfigurationProperties": "",
  "excludeXhrRegex": "",
  "fetchRequests": false,
  "injectionMode": "JAVASCRIPT_TAG",
  "javaScriptFrameworkSupport": {
   "activeXObject": false,
   "angular": false,
   "dojo": false,
   "extJS": false,
   "icefaces": false,
   "jQuery": false,
   "mooTools": false,
   "prototype": false
  },
  "libraryFileLocation": "",
  "monitoringDataPath": "",
  "scriptTagCacheDurationInHours": 1,
  "secureCookieAttribute": false,
  "serverRequestPathId": "",
  "xmlHttpRequest": false
 },
 "name": "{{.name}}",
 "realUserMonitoringEnabled": true,
 "sessionReplayConfig": {
  "costControlPercentage": 100,
  "cssResourceCapturingExclusionRules": [],
  "enableCssResourceCapturing": true,
  "enabled": false
 },
 "type": "AUTO_INJECTED",
 "userActionNamingSettings": {
  "customActionNamingRules": [],
  "ignoreCase": true,
  "loadActionNamingRules": [],
  "placeholders": [],
  "queryParameterCleanups": [
   "cfid",
   "phpsessid",
   "__sid",
   "cftoken",
   "sid"
  ],
  "splitUserActionsByDomain": true,
  "useFirstDetectedLoadAction": false,
  "xhrActionNamingRules": []
 },
 "waterfallSettings": {
  "resourceBrowserCachingThreshold": 50,
  "resourcesThreshold": 100000,
  "slowCdnResourcesThreshold": 200000,
  "slowFirstPartyResourcesThreshold": 200000,
  "slowThirdPartyResourcesThreshold": 200000,
  "speedIndexVisuallyCompleteRatioThreshold": 50,
  "uncompressedResourcesThreshold": 860
 },
 "xhrActionApdexSettings": {
  "frustratingFallbackThreshold": 12000,
  "frustratingThreshold": 12000,
  "toleratedFallbackThreshold": 3000,
  "toleratedThreshold": 3000
 },
 "xhrActionKeyPerformanceMetric": "ACTION_DURATION"
}